{
  "final_test_acc": 0.15839999999999999,
  "epsilon": 1.0562077245020065,
  "delta": 1e-05,
  "sigma": 0.9550199818235596,
  "sigma_init": 1.0,
  "rounds": 50
}